<?xml version="1.0" encoding="UTF-8"?>
<!DOCTYPE mapper PUBLIC "-//mybatis.org//DTD Mapper 3.0//EN"
        "http://mybatis.org/dtd/mybatis-3-mapper.dtd">

<!-- 여기다가 SQL 문을 입력합니다. -->

<!-- intelliJ는 여기 참조 해야 합니다. https://codingdog.tistory.com/entry/mybatis-mapper-location-%EC%84%A4%EC%A0%95%EC%9D%84-%EC%89%BD%EA%B3%A0-%EB%B9%A0%EB%A5%B4%EA%B2%8C-%ED%95%B4-%EB%B4%85%EC%8B%9C%EB%8B%A4 -->

<mapper namespace="UserMapper">
    <!-- 1. userList 이름을 기억하기 -->
    <select id="userList" resultType="User">
        SELECT * FROM USER where user_num between 3 and 7;
    </select>

    <select id="boardList" resultType="board">
        SELECT * FROM board;
    </select>

    <select id="boardList_del" resultType="board">
        SELECT pw FROM board WHERE board_num = #{board_num};
    </select>

    <insert id="boardInsert">
        insert into
        board(title, pw, content)
        values(
        #{title},#{pw},#{content}
        )
    </insert>

    <delete id="board_delete">
        DELETE FROM board
        WHERE board_num like #{board_num};
    </delete>

    <select id="team_rank" resultType="team_rank">
        SELECT * FROM team_rank;
    </select>

    <select id="team_match" resultType="team_match">
        SELECT * FROM team_match WHERE team_name like #{team_name};
    </select>

</mapper>